{"count":1,"self":33129.093529599995,"total":35247.3886941,"children":{"InitializeActuators":{"count":1,"self":0.0010003,"total":0.0010003,"children":null},"InitializeSensors":{"count":1,"self":0.0010003,"total":0.0010003,"children":null},"AgentSendState":{"count":2251017,"self":4.164612,"total":18.3496784,"children":{"CollectObservations":{"count":450204,"self":0.39902869999999996,"total":0.39902869999999996,"children":null},"WriteActionMask":{"count":450204,"self":0.2770156,"total":0.2770156,"children":null},"RequestDecision":{"count":450204,"self":2.0660119999999997,"total":13.5090223,"children":{"AgentInfo.ToProto":{"count":450204,"self":2.1929184,"total":11.4430103,"children":{"GenerateSensorData":{"count":450204,"self":9.250092,"total":9.2500918,"children":null}}}}}}},"DecideAction":{"count":2251017,"self":2062.3753216,"total":2062.3752291,"children":null},"AgentAct":{"count":2251017,"self":37.5512704,"total":37.5512695,"children":null},"AgentInfo.ToProto":{"count":524,"self":0.0040000999999999995,"total":0.0174135,"children":{"GenerateSensorData":{"count":524,"self":0.013413399999999999,"total":0.013413399999999999,"children":null}}}},"gauges":{"My Behavior.CumulativeReward":{"count":524,"max":-309.1658,"min":-123851.617,"runningAverage":-26298.7949,"value":-121257.922,"weightedAverage":-121250.414}},"metadata":{"timer_format_version":"0.1.0","start_time_seconds":"1650950042","unity_version":"2020.3.25f1","command_line_arguments":"C:\\Users\\aadit\\Unity\\2020.3.25f1\\Editor\\Unity.exe -projectpath C:\/Users\/aadit\/Projects\/UnityProjects\/getting-0ver-it -useHub -hubIPC -cloudEnvironment production -hubSessionId f470f130-c46b-11ec-9847-2bd644e81e57 -accessToken Ws0PL8HQSi9kUg7ixWQpgCX7Hb0Bp9XvloXRJmTaOPs00cf","communication_protocol_version":"1.5.0","com.unity.ml-agents_version":"2.3.0-exp.2","scene_name":"MainScene","end_time_seconds":"1650985289"}}