{
    "name": "root",
    "gauges": {
        "MyBehavior.Policy.Entropy.mean": {
            "value": 1.3873803615570068,
            "min": 1.3873803615570068,
            "max": 1.4260807037353516,
            "count": 29
        },
        "MyBehavior.Policy.Entropy.sum": {
            "value": 13896.001953125,
            "min": 13867.623046875,
            "max": 14278.73828125,
            "count": 29
        },
        "MyBehavior.Step.mean": {
            "value": 289961.0,
            "min": 9961.0,
            "max": 289961.0,
            "count": 29
        },
        "MyBehavior.Step.sum": {
            "value": 289961.0,
            "min": 9961.0,
            "max": 289961.0,
            "count": 29
        },
        "MyBehavior.Policy.ExtrinsicValueEstimate.mean": {
            "value": -41.985538482666016,
            "min": -41.985538482666016,
            "max": 21.01753044128418,
            "count": 29
        },
        "MyBehavior.Policy.ExtrinsicValueEstimate.sum": {
            "value": -6633.71533203125,
            "min": -6633.71533203125,
            "max": 3299.752197265625,
            "count": 29
        },
        "MyBehavior.Environment.EpisodeLength.mean": {
            "value": 3999.0,
            "min": 749.0833333333334,
            "max": 3999.0,
            "count": 29
        },
        "MyBehavior.Environment.EpisodeLength.sum": {
            "value": 11997.0,
            "min": 7998.0,
            "max": 11997.0,
            "count": 29
        },
        "MyBehavior.Environment.CumulativeReward.mean": {
            "value": -1906.3810159415007,
            "min": -2404.8948391079903,
            "max": 1561.9577653706074,
            "count": 29
        },
        "MyBehavior.Environment.CumulativeReward.sum": {
            "value": -5719.143047824502,
            "min": -6250.799144268036,
            "max": 3281.8331732153893,
            "count": 29
        },
        "MyBehavior.Policy.ExtrinsicReward.mean": {
            "value": -1906.3810159415007,
            "min": -2404.8948391079903,
            "max": 1561.9577653706074,
            "count": 29
        },
        "MyBehavior.Policy.ExtrinsicReward.sum": {
            "value": -5719.143047824502,
            "min": -6250.799144268036,
            "max": 3281.8331732153893,
            "count": 29
        },
        "MyBehavior.IsTraining.mean": {
            "value": 1.0,
            "min": 1.0,
            "max": 1.0,
            "count": 29
        },
        "MyBehavior.IsTraining.sum": {
            "value": 1.0,
            "min": 1.0,
            "max": 1.0,
            "count": 29
        },
        "MyBehavior.Losses.PolicyLoss.mean": {
            "value": 0.021904068486765026,
            "min": 0.018754066977029044,
            "max": 0.03085007897267739,
            "count": 28
        },
        "MyBehavior.Losses.PolicyLoss.sum": {
            "value": 0.021904068486765026,
            "min": 0.018754066977029044,
            "max": 0.03085007897267739,
            "count": 28
        },
        "MyBehavior.Losses.ValueLoss.mean": {
            "value": 17.794353993733726,
            "min": 1.522385690609614,
            "max": 89.53970603942871,
            "count": 28
        },
        "MyBehavior.Losses.ValueLoss.sum": {
            "value": 17.794353993733726,
            "min": 1.522385690609614,
            "max": 89.53970603942871,
            "count": 28
        },
        "MyBehavior.Policy.LearningRate.mean": {
            "value": 0.0001271946576018,
            "min": 0.0001271946576018,
            "max": 0.0002938314020562001,
            "count": 28
        },
        "MyBehavior.Policy.LearningRate.sum": {
            "value": 0.0001271946576018,
            "min": 0.0001271946576018,
            "max": 0.0002938314020562001,
            "count": 28
        },
        "MyBehavior.Policy.Epsilon.mean": {
            "value": 0.20000000000000007,
            "min": 0.20000000000000007,
            "max": 0.20000000000000007,
            "count": 28
        },
        "MyBehavior.Policy.Epsilon.sum": {
            "value": 0.20000000000000007,
            "min": 0.20000000000000007,
            "max": 0.20000000000000007,
            "count": 28
        },
        "MyBehavior.Policy.Beta.mean": {
            "value": 0.0021256701799999994,
            "min": 0.0021256701799999994,
            "max": 0.004897395619999999,
            "count": 28
        },
        "MyBehavior.Policy.Beta.sum": {
            "value": 0.0021256701799999994,
            "min": 0.0021256701799999994,
            "max": 0.004897395619999999,
            "count": 28
        }
    },
    "metadata": {
        "timer_format_version": "0.1.0",
        "start_time_seconds": "1650876686",
        "python_version": "3.10.1 (tags/v3.10.1:2cd268a, Dec  6 2021, 19:10:37) [MSC v.1929 64 bit (AMD64)]",
        "command_line_arguments": "C:\\Users\\aadit\\AppData\\Local\\Programs\\Python\\Python310\\Scripts\\mlagents-learn C:\\Users\\aadit\\Projects\\UnityProjects\\getting-0ver-it\\train_configs\\def2.yaml --run-id=test4",
        "mlagents_version": "0.28.0",
        "mlagents_envs_version": "0.28.0",
        "communication_protocol_version": "1.5.0",
        "pytorch_version": "1.11.0+cu113",
        "numpy_version": "1.22.1",
        "end_time_seconds": "1650878545"
    },
    "total": 1858.345709300018,
    "count": 1,
    "self": 0.004558000015094876,
    "children": {
        "run_training.setup": {
            "total": 0.07313019997673109,
            "count": 1,
            "self": 0.07313019997673109
        },
        "TrainerController.start_learning": {
            "total": 1858.268021100026,
            "count": 1,
            "self": 4.871062176709529,
            "children": {
                "TrainerController._reset_env": {
                    "total": 9.54371950001223,
                    "count": 1,
                    "self": 9.54371950001223
                },
                "TrainerController.advance": {
                    "total": 1843.7505107232719,
                    "count": 294590,
                    "self": 4.119626918924041,
                    "children": {
                        "env_step": {
                            "total": 1769.781144508801,
                            "count": 294590,
                            "self": 1134.8854503870825,
                            "children": {
                                "SubprocessEnvManager._take_step": {
                                    "total": 631.78466680774,
                                    "count": 294590,
                                    "self": 14.15231319720624,
                                    "children": {
                                        "TorchPolicy.evaluate": {
                                            "total": 617.6323536105338,
                                            "count": 294507,
                                            "self": 421.84075092093553,
                                            "children": {
                                                "TorchPolicy.sample_actions": {
                                                    "total": 195.79160268959822,
                                                    "count": 294507,
                                                    "self": 195.79160268959822
                                                }
                                            }
                                        }
                                    }
                                },
                                "workers": {
                                    "total": 3.1110273139784113,
                                    "count": 294589,
                                    "self": 0.0,
                                    "children": {
                                        "worker_root": {
                                            "total": 1840.5726915909909,